"Tasman Way  San Jose, CA 95134 United States",
"495 E Java Dr  Sunnyvale, California 94089 United States",
"250 Hudson Street, Suite 1002  New York, NY 10013 United States",
"4699 Old Ironsides Dr. Suite 450 Santa Clara, California 95054 United States",
"225 Liberty St  New York, NY 10281 United States",
"131 Dartmouth Street  Boston, MA 02116 United States",
"Wittelsbacherplatz 2  Munich,   Germany",
"United States",
"Carel van Bylandtlaan 30  The Hague,  2596 HR Netherlands",
"Carel van Bylandtlaan 30  The Hague,  2596 HR Netherlands",
"131 Dartmouth Street  Boston, MA 02116 United States",
"1051 Perimeter Drive Suite 950 Schaumburg, IL 60173 United States",
"123 Boren  Seattle, WA 98109 United States",
"710 Medtronic Parkway  Minneapolis, MN 55432-5604 United States",
"Crystal Plaza ,158 CST Road  Mumbai, Maharashtra 400098 India",
"Crystal Plaza ,158 CST Road  Mumbai, Maharashtra 400098 India",
"3400 N. Charles St.  Baltimore, Md. 21212 United States",
"3400 N. Charles St.  Baltimore, Md. 21212 United States",
"3400 N. Charles St.  Baltimore, Md. 21212 United States",
"15013 Denver West Parkway  Golden, CO 80401 United States",
"Morrill Road  Ames, Iowa 50011 United States",
"3200 W C Street  Torrington, WY 82240 United States",
"100 North Tryon Street  Charlotte, NC 28202 United States",
"1 Basinghall Avenue  EC2V, 5DD  United Kingdom",
"1 Basinghall Avenue  EC2V, 5DD  United Kingdom",
"100-102 Avenue de Suffren  Paris, - 75015 France",
"155 N Lake Ave.  Pasadena, CA 91101 United States",
"Kennedyplatz 1  Köln,  50569 Germany",
"245 Summer St  Boston, MA 02210 United States",
"220 West Huron  Chicago, IL 60610 United States",
"535 W. 116th St., Ste. 213  New York, NY 10027 United States",
"Indian Institute of Technology Madras Sardar Patel Road, Adyar Chennai, Tamil Nadu 600036 India",
"208 S. Akard Street  Dallas, TX 75202 United States",
"951 Sandisk Drive  Milpitas, CA 95035-3683 United States",
"951 Sandisk Drive  Milpitas, CA 95035-3683 United States",
"951 Sandisk Drive  Milpitas, CA 95035-3683 United States",
"951 Sandisk Drive  Milpitas, CA 95035-3683 United States",
"7 West Seventh Street  Cincinnati, OH 45202 United States",
"200 West Street  New York, New York 10282 United States",
"1585 Broadway  New York, NY 10036 United States",
"71 Stevenson Street Suite 300 San Francisco, CA 94105 United States",
"KBR Kelvin House Leatherhead, Surrey KT22 7LH United Kingdom",
"Kent State University  Kent, Ohio 44242 United States",
"1200 East California Boulevard  Pasadena, California 91125 United States",
"6300 Bee Cave Road Building One Austin, TX 78746 United States",
"399 Park Avenue  New York, New York 10022 United States",
"77 Massachusetts Avenue  Cambridge, MA 02139-4307 United States",
"399 Park Avenue  New York, New York 10022 United States",
"750 Third Avenue 4th Floor New York, NY 10017 United States",
"50 Nanyang Avenue  Singapore,  639798 Singapore",
"1 University Station  Austin, TX 78712 United States",
"1 University Station  Austin, TX 78712 United States",
"1-9-1 Nihonbashi Chuo-ku Tokyo,  103-8645 Japan",
"Taunusanlage 12  Frankfurt am Main, Hessen 60325 Germany",
"3000 Hanover Street  Palo Alto, California 94304 United States",
"Doddakannelli Sarjapur Road Bangalore, Karnataka 560035 India",
"Doddakannelli Sarjapur Road Bangalore, Karnataka 560035 India",
"Doddakannelli Sarjapur Road Bangalore, Karnataka 560035 India",
"International Business Machines Corp. New Orchard Road Armonk, New York, NY 10504 United States",
"International Business Machines Corp. New Orchard Road Armonk, New York, NY 10504 United States",
"International Business Machines Corp. New Orchard Road Armonk, New York, NY 10504 United States",
"677 River Oaks Pkway  San Jose, CA  United States",
"1239 Kipke Drive  Ann Arbor, MI 48109-1010 United States",
"3M Center  St Paul, MN 55144 United States",
"731 Lexington Ave.  New York, NY 10022 United States",
"3355 Michelson Drive  Irvine, CA 92612 United States",
"Sunnyvale, CA 94088-3453  Austin, Texas 78735 United States",
"United States",
"Sunnyvale, CA 94088-3453  Austin, Texas 78735 United States",
"Hillsborough Street  Raleigh, North Carolina 27695 United States",
"Robert Noyce Building  Santa Clara, California 95052 United States",
"3150 Sabre Drive  Southlake, Texas 76092 United States",
"3150 Sabre Drive  Southlake, Texas 76092 United States",
"3150 Sabre Drive  Southlake, Texas 76092 United States",
"3150 Sabre Drive  Southlake, Texas 76092 United States",
"All Saints Building All Saints Manchester,  M15 6BH United Kingdom",
"University of leeds  Leeds,  LS2 9JT United Kingdom",
"1 Research Circle  Niskayuna, New York 12309 United States",
"2701 San Tomas Expressway  Santa Clara, CA 95050 United States",
"2701 San Tomas Expressway  Santa Clara, CA 95050 United States",
"601 E. John Street  Champaign, IL 61820 United States",
"601 E. John Street  Champaign, IL 61820 United States",
"CRISIL House Central Avenue, Hiranandani Business Park, Powai Mumbai, Maharashtra 400076 India",
"Outer Ring Road  Bellandur, Bangalore 560037 India",
"C. N. R. Rao Circle Bangalore, Karnataka 560012 India",
"9500 Gilman Drive  La Jolla, CA 92093 United States",
"1600 Amphitheatre Parkway  Mountain View, CA 94043 United States",
"550 S California Ave  Palo Alto, CA 94306 United States",
"77 Massachusetts Avenue  Cambridge, MA 02139-4307 United States",
"77 Massachusetts Avenue  Cambridge, MA 02139-4307 United States",
"Two Seaport Lane  Boston, MA 02210 United States",
"Novartis Campus  Basel, Baselstadt 4002 Switzerland",
"World Headquarters 39 Old Ridgebury Road Danbury, CT 06810-5113 United States",
"International Business Machines Corp. New Orchard Road Armonk, New York, NY 10504 United States",
"601 E. John Street  Champaign, IL 61820 United States",
"601 E. John Street  Champaign, IL 61820 United States",
"International Business Machines Corp. New Orchard Road Armonk, New York, NY 10504 United States",
"500 W. Madison Street Suite 2040 Chicago, IL 60661 United States",
"190 S. LaSalle Suite 3250 Chicago, IL 60603 United States",
"P.O. Box 33170  Detroit, Michigan 48232-5170 United States",
"5000 Forbes Avenue  Pittsburgh, Pennsylvania 15213 United States",
"5000 Forbes Avenue  Pittsburgh, Pennsylvania 15213 United States",
"2 World Financial Center  New York, NY 10281 United States",
"2 World Financial Center  New York, NY 10281 United States",
"100 North Tryon Street  Charlotte, NC 28202 United States",
"245 Day Hall  Ithaca, New York 14853 United States",
"123 Boren  Seattle, WA 98109 United States",
"RBS Gogarburn PO Box 1000 Edinburgh,  EH12 1HQ United Kingdom",
"RBS Gogarburn PO Box 1000 Edinburgh,  EH12 1HQ United Kingdom",
"495 E Java Dr  Sunnyvale, California 94089 United States",
"495 E Java Dr  Sunnyvale, California 94089 United States",
"Sint-Pietersnieuwstraat  Gent,  B-9000 Belgium",
"One Shields Avenue  Davis, CA 95616 United States",
"270 Park Avenue  New York, NY 10017-2014 United States",
"2000 Purchase St  Purchase, NY 10577 United States",
"770 Broadway  New York, NY 10003 United States",
"Chicago, 60606 United States",
"8 Canada Square  London,  E14 5HQ United Kingdom",
"8 Canada Square  London,  E14 5HQ United Kingdom",
"270 Park Avenue  New York, NY 10017-2014 United States",
"P.O. Box 35566, New Airport Road Khalifa City A Abu Dhabi, Abu Dhabi 35566 United Arab Emirates",
"P.O. Box 35566, New Airport Road Khalifa City A Abu Dhabi, Abu Dhabi 35566 United Arab Emirates",
"P.O. Box 35566, New Airport Road Khalifa City A Abu Dhabi, Abu Dhabi 35566 United Arab Emirates",
"P.O. Box 35566, New Airport Road Khalifa City A Abu Dhabi, Abu Dhabi 35566 United Arab Emirates",
"Taunusanlage 12  Frankfurt am Main, Hessen 60325 Germany",
"Taunusanlage 12  Frankfurt am Main, Hessen 60325 Germany",
"Valley Forge Business Center 2560 General Armistead Ave. Audubon, PA 19403 United States",
"Valley Forge Business Center 2560 General Armistead Ave. Audubon, PA 19403 United States",
"Valley Forge Business Center 2560 General Armistead Ave. Audubon, PA 19403 United States",
"311 Enterprise Drive  Plainsboro, New Jersey 08536 United States",
"415 SW Washington St.  Peoria, Illinois 61602 United States",
"1 Jan Smuts Avenue  Braamfontein, Gauteng 2001 South Africa",
"231 Forest Street  Babson Park, MA 02457 United States",
"3400 N. Charles St.  Baltimore, Md. 21212 United States",
"200 Cardinal Way Third Floor  Redwood City, California 94063 United States",
"2600 Great America Way  Santa Clara, CA 95054 United States",
"2 P&G Plaza  Cincinnati, Ohio 45202 United States",
"BP p.l.c. 1 St James's Square London,  SW1Y 4PD United Kingdom",
"BP p.l.c. 1 St James's Square London,  SW1Y 4PD United Kingdom",
"BP p.l.c. 1 St James's Square London,  SW1Y 4PD United Kingdom",
"University Relations 312 Old Main University Park, PA 16802 United States",
"Infosys  Bangalore, Karnataka 560100 India",
"Infosys  Bangalore, Karnataka 560100 India",
"Infosys  Bangalore, Karnataka 560100 India",
"110 8th Street  Troy, New York 12180 United States",
"110 8th Street  Troy, New York 12180 United States",
"Velperweg 76  Arnhem,  6824 BM Netherlands",
"Velperweg 76  Arnhem,  6824 BM Netherlands",
"15 Adam Street  London,  WC2N 6LA United Kingdom",
"15 Adam Street  London,  WC2N 6LA United Kingdom",
"731 Lexington Ave.  New York, NY 10022 United States",
"1 Microsoft Way  Redmond, WA 98052 United States",
"1 Microsoft Way  Redmond, WA 98052 United States",
"1 Microsoft Way  Redmond, WA 98052 United States",
"International Business Machines Corp. New Orchard Road Armonk, New York, NY 10504 United States",
"345 Park Avenue  San Jose, CA 95110-2704 United States",
"345 Park Avenue  San Jose, CA 95110-2704 United States",
"2065 Hamilton Avenue  San Jose, CA 95125 United States",
"245 Day Hall  Ithaca, New York 14853 United States",
"245 Day Hall  Ithaca, New York 14853 United States",
"245 Day Hall  Ithaca, New York 14853 United States",
"Robert Noyce Building  Santa Clara, California 95052 United States",
"27 King's College Circle  Toronto, Ontario M5S 1A1 Canada",
"PO Box 113150  Gainesville, Florida 32611 United States",
"PO Box 113150  Gainesville, Florida 32611 United States",
"PO Box 113150  Gainesville, Florida 32611 United States",
"PO Box 113150  Gainesville, Florida 32611 United States",
"Indian Institute of Technology Madras Sardar Patel Road, Adyar Chennai, Tamil Nadu 600036 India",
"10205 Westheimer Rd. Suite 100 Houston, TX 77042 United States",
"500 Oracle Parkway  Redwood Shores, CA 94065 United States",
"6001 Bollinger Canyon Road  San Ramon, CA 94583 United States",
"6001 Bollinger Canyon Road  San Ramon, CA 94583 United States",
"Luxembourg",
"40 Heerengracht  Cape Town,  8001 South Africa",
"Bupa House Bloomsbury Way London,  WC1A 2BA United Kingdom",
"Jubilee House Gosforth Newcastle Upon Tyne,  NE3 4PL United Kingdom",
"22 Haymarket Yards  Edinburgh,  EH12 5BH United Kingdom",
"500 Frank W Burr Blvd  Teaneck, NJ 07666 United States",
"Windsor House 42-50 Victoria Street London,  SW1H 0TL United Kingdom",
"500 Oracle Parkway  Redwood Shores, CA 94065 United States",
"500 Oracle Parkway  Redwood Shores, CA 94065 United States",
"1 Hacker Way  Menlo Park, CA 94025 United States",
"Indian Institute of Technology Madras Sardar Patel Road, Adyar Chennai, Tamil Nadu 600036 India",
"Polaris House 244 Anna Salai Chennai,  600 006 India",
"1372 TAMU College Station, TX 77843-1372 United States",
"1372 TAMU College Station, TX 77843-1372 United States",
"Georgia Institute of Technology  Atlanta, GA 30332 United States",
"845 Sherbrooke Street West  Montreal, Quebec H3A 0G4 Canada",
"Sint-Pietersnieuwstraat  Gent,  B-9000 Belgium",
"8 Canada Square  London,  E14 5HQ United Kingdom",
"1680 Capital One Drive  McLean, Va 22102 United States",
"8 Canada Square  London,  E14 5HQ United Kingdom",
"8 Canada Square  London,  E14 5HQ United Kingdom",
"155 Harlem Ave.  Glenview, IL 60025 United States",
"1944 E Sky Harbor Circle  Phoenix, AZ 85034 United States",
"399 Park Avenue  New York, New York 10022 United States",
"1-9-1 Nihonbashi Chuo-ku Tokyo,  103-8645 Japan",
"200 West Street  New York, New York 10282 United States",
"951 Sandisk Drive  Milpitas, CA 95035-3683 United States",
"951 Sandisk Drive  Milpitas, CA 95035-3683 United States",
"20 Glover Avenue  Norwalk, CT 06850 United States",
"951 Sandisk Drive  Milpitas, CA 95035-3683 United States",
"3000 Sand Hill Road 4-250 Menlo Park, CA 94025 United States",
"333 108th Ave NE  Bellevue, WA 98004 United States",
"Quartermile One 15 Lauriston Place Edinburgh,  EH3 9EN United Kingdom",
"x  San Bruno, California 94066 United States",
"x  San Bruno, California 94066 United States",
"44227 Germany",
"Veritasveien 1  Høvik, Oslo 1322 Norway",
"39 Tabernacle Street Noble House London,  EC2A 4AA United Kingdom",
"Cannon Bridge House 25 Dowgate Hill London,  EC4R United Kingdom",
"345 Park Avenue  San Jose, CA 95110-2704 United States",
"809 11th Avenue, 2nd Floor Sunnyvale, CA 94089 United States",
"6 Eu Tong Sen Street 09-02 The Central Singapore,  059817 Singapore",
"Central Saint Giles, 1 St Giles High Street, London,  WC2H 8AR United Kingdom",
"PO Box 5101  Riyadh,  11422 Saudi Arabia",
"39106 Germany",
"39106 Germany",
"University of Maryland  College Park, MD 20742 United States",
"Tasman Way  San Jose, CA 95134 United States",
"University of Maryland  College Park, MD 20742 United States",
"1 Pershing Plaza  Jersey City, New Jersey 07399 United States",
"2 World Financial Center  New York, NY 10281 United States",
"485 Lexington Avenue  New York, NY 10017-2630 United States",
"Ctra Pozuelo-Majadahonda 52  Majadahonda, Madrid 28222 Spain",
"University of Maryland  College Park, MD 20742 United States",
"201 Broadway  Cambridge, MA 02139 United States",
"Robert Noyce Building  Santa Clara, California 95052 United States",
"Infocity Unit 12, Plot # 35 & 36, Hitech City Layout, Sy No 64, Madhapur Hyderabad, Andhra Pradesh 500081 India",
"RBS Gogarburn PO Box 1000 Edinburgh,  EH12 1HQ United Kingdom",
"Ghansoli Thane-Belapur Road Navi Mumbai,  400701 India",
"P.O. Box 35566, New Airport Road Khalifa City A Abu Dhabi, Abu Dhabi 35566 United Arab Emirates",
"Robert Noyce Building  Santa Clara, California 95052 United States",
"Robert Noyce Building  Santa Clara, California 95052 United States",
"Purdue University  West Lafayette, Indiana 47906 United States",
"1 Infinite Loop  Cupertino, CA 95014 United States",
"Robert Noyce Building  Santa Clara, California 95052 United States",
"5505 Blue Lagoon Drive  Miami, FL 33126 United States",
"3 Eglin Road Sunninghill Johannesburg, Gauteng  South Africa",
"3 Eglin Road Sunninghill Johannesburg, Gauteng  South Africa",
"Riverbank House 1 Putney Bridge Approach Fulham, London SW6 3BQ United Kingdom",
"120 Park Avenue  New York, New York 10017 United States",
"Noida  Noida, Uttar Pradesh 201301 India",
"Noida  Noida, Uttar Pradesh 201301 India",
"University of Maryland  College Park, MD 20742 United States",
"Indian Institute of Technology Madras Sardar Patel Road, Adyar Chennai, Tamil Nadu 600036 India",
"University of Maryland  College Park, MD 20742 United States",
"955 Alma St, Suite B  Palo Alto, California 94301 United States",
"1250 S Grove Ave Suite 300 Barrington, Illinois 60010 United States",
"1 Research Circle  Niskayuna, New York 12309 United States",
"1600 Seaport Boulevard  Redwood City, CA 94063 United States",
"1600 Seaport Boulevard  Redwood City, CA 94063 United States",
"7933 Preston Road  Plano, TX  United States",
"755 Sansome Street Suite 450 San Francisco, CA 94111 United States",
"Houston, Texas 77058 United States",
"6100 Main Street  Houston, Texas 77005 United States",
"6350 Seqeunce Drive  San Diego, CA 92121 United States",
"United States",
"2701 San Tomas Expressway  Santa Clara, CA 95050 United States",
"8000 S Federal Way  Boise, Idaho 83706 United States",
"26900 W.K. Smith Dr.  New Hudson, MI 48165 United States",
"6100 Main Street  Houston, Texas 77005 United States",
"1185 Avenue of the Americas 40th Floor New York, NY 10036 United States",
"2015 Emmorton Road  Bel Air, Maryland 21015 United States",
"2 P&G Plaza  Cincinnati, Ohio 45202 United States",
"2 P&G Plaza  Cincinnati, Ohio 45202 United States",
"2 P&G Plaza  Cincinnati, Ohio 45202 United States",
"2 P&G Plaza  Cincinnati, Ohio 45202 United States",
"2 P&G Plaza  Cincinnati, Ohio 45202 United States",
"2135 West Maple Road  Troy, Michigan 48084-7186 United States",
"NSK Ltd. Nissei Building, 1-6-3, OHSAKI Shinagawa-ku, Tokyo, 141-8560 - Japan  Japan",
"1 Riverside Plaza  Columbus, OH 43215 United States",
"1 Riverside Plaza  Columbus, OH 43215 United States",
"Taunusanlage 12  Frankfurt am Main, Hessen 60325 Germany",
"100 Esplanade du Général de Gaulle  Paris,  92400 France",
"Dublin  4,   Ireland",
"440 N Wolfe Rd  Sunnyvale, CA 94085 United States",
"11452 El Camino Real, Suite 400  San Diego, CA 92130 United States",
"65 First St  Troy, NY 12180 United States",
"244 Fifth Avenue Suite K227 New York, NY 10001 United States",
"2903 Bunker Hill Ln Suite 150 Santa Clara, CA 95054 United States",
"110 8th Street  Troy, New York 12180 United States",
"Purdue University  West Lafayette, Indiana 47906 United States",
"Purdue University  West Lafayette, Indiana 47906 United States",
"Tasman Way  San Jose, CA 95134 United States",
"Tasman Way  San Jose, CA 95134 United States",
"5995 Windward Parkway  Alpharetta, GA 30005 United States",
"983 Corporate Way  Fremont, California 94539 United States",
"4000 International Pkwy  Carrollton, Texas 75007 United States",
"300 W. 12th Street  Rolla, MO 65409 United States",
"300 W. 12th Street  Rolla, MO 65409 United States",
"One Saxon Drive  Alfred, New York 14802 United States",
"550 Blair Mill Road Suite 100 Horsham, PA 19044 United States",
"500 Frank W Burr Blvd  Teaneck, NJ 07666 United States",
"82 Pioneer Way  Mountain View, CA 94041 United States",
"One Burlington Business Center 67 South Bedford St, Suite 400W Burlington, MA 01803 United States",
"300 Beach Road #14-07 The Concourse Singapore,  199555 Singapore",
"21 Lower Kent Ridge Road  Singapore,  119077 Singapore",
"222 Gray's Inn Road  London,  WC1X 8HB United Kingdom",
"Douglas Bay  Douglas, Isle of Man IM31DZ United Kingdom",
"Douglas Bay  Douglas, Isle of Man IM31DZ United Kingdom",
"Douglas Bay  Douglas, Isle of Man IM31DZ United Kingdom",
"Indian Institute of Technology Madras Sardar Patel Road, Adyar Chennai, Tamil Nadu 600036 India",
"University of Maryland  College Park, MD 20742 United States",
"Via Martiri di Cefalonia 67  San Donato Milanese, (Milan) 20097 Italy",
"Parallelvej 2  Lyngby,  DK-2800 Denmark",
"100 Bureau Drive  Gaithersburg, MD 20899 United States",
"100 Nicolls Road  Stony Brook, NY 11794 United States",
"P.O. Box 5000  Upton, NY 11973 United States",
"820 Davis Street #506 Chicago, IL 60201-4583 United States",
"123 Boren  Seattle, WA 98109 United States",
"10 Moulton St.  Cambridge, MA 02138 United States",
"10 Moulton St.  Cambridge, MA 02138 United States",
"131 S Dearborn  Chicago, IL 60603 United States",
"Vahrenwalder Str. 9,  Hannover,  D-30165 Germany",
"Reliable Tech Park, Airoli,  Navi Mumbai, Maharashtra 400708 India",
"1800 S.A.  Evanston, IL 60201 United States",
"1800 S.A.  Evanston, IL 60201 United States",
"30 Rockefeller Plaza  New York, NY 10112 United States",
"30 Rockefeller Plaza  New York, NY 10112 United States",
"245 Day Hall  Ithaca, New York 14853 United States",
"245 Day Hall  Ithaca, New York 14853 United States",
"2600 Great America Way  Santa Clara, CA 95054 United States",
"2600 Great America Way  Santa Clara, CA 95054 United States",
"601 E. John Street  Champaign, IL 61820 United States",
"757 N. Eldridge Pkwy.  Houston, Texas 77079 United States",
"1 University Station  Austin, TX 78712 United States",
"1 University Station  Austin, TX 78712 United States",
"Georgia Institute of Technology  Atlanta, GA 30332 United States",
"Akshay Tech Park, Plot No. 72 & 73, 2nd Floor, EPIP Zone Whitefield Bangalore, Karnataka 560066 India",
"Aricent 303 Twin Dolphin Drive, 6th Floor Redwood City, CA 94065 United States",
"Level 3 627 Chapel Street South Yarra, Victoria 3188 Australia",
"5210 South State Road  Ann Arbor, MI 48108 United States",
"245 N. 15th Street  Philadelphia, PA 19102-1192 United States",
"1505 Race Street Bellet Building Philadelphia, PA 19102 United States",
"3141 Chestnut Street  Philadelphia, Pennsylvania 19104 United States",
"United States",
"United States",
"One Riverside Drive  East Hartford, CT 06118 United States",
"2051 Palomar Airport Road Suite 100 Carlsbad, CA 92011 United States",
"215 Moffett Park Drive Sunnyvale, CA 94089 United States",
"215 Moffett Park Drive Sunnyvale, CA 94089 United States",
"215 Moffett Park Drive Sunnyvale, CA 94089 United States",
"236 French Administration Building PO Box 641024 Pullman, WA 99164 United States",
"1355 Market St Suite 900 San Francisco, CA 94103 United States",
"1355 Market St Suite 900 San Francisco, CA 94103 United States",
"1355 Market St Suite 900 San Francisco, CA 94103 United States",
"1600 Amphitheatre Parkway  Mountain View, CA 94043 United States",
"3000 El Camino Real, Building 1, Suite 200  Palo Alto, CA 94306 United States",
"University of Maryland  College Park, MD 20742 United States",
"Robert Noyce Building  Santa Clara, California 95052 United States",
"800 W. Huron St.  Chicago, IL  United States",
"12500 TI Boulevard  Dallas, TX 75243 United States",
"12500 TI Boulevard  Dallas, TX 75243 United States",
"12500 TI Boulevard  Dallas, TX 75243 United States",
"Georgia Institute of Technology  Atlanta, GA 30332 United States",
"One Bethel Valley Road  Oak Ridge, TN 37831 United States",
"5000 Forbes Avenue  Pittsburgh, Pennsylvania 15213 United States",
"39 Tabernacle Street Noble House London,  EC2A 4AA United Kingdom",
"Georgia Institute of Technology  Atlanta, GA 30332 United States",
"Georgia Institute of Technology  Atlanta, GA 30332 United States",
"Georgia Institute of Technology  Atlanta, GA 30332 United States",
"St. Paul, Minnesota  St. Paul, Minnesota MN United States",
"129 Samsung-ro  Suwon-Si, Gyeonggi-Do 443-742 Korea",
"2 World Financial Center  New York, NY 10281 United States",
"Main Campus  Blacksburg, Virginia 24060 United States",
"10903 New Hampshire Ave  Silver Spring, MD 20993 United States",
"Hillsborough Street  Raleigh, North Carolina 27695 United States",
"Robert Noyce Building  Santa Clara, California 95052 United States",
"7628 Thorndike Road  Greensboro, NC 27409-9421 United States",
"Hillsborough Street  Raleigh, North Carolina 27695 United States",
"Robert Noyce Building  Santa Clara, California 95052 United States",
"Rämistrasse 101  Zürich,  8092 Switzerland",
"A.T. Kearney  Chicago, IL 60606 United States",
"United States",
"603002 India",
"1680 Capital One Drive  McLean, Va 22102 United States",
"1239 Kipke Drive  Ann Arbor, MI 48109-1010 United States",
"1239 Kipke Drive  Ann Arbor, MI 48109-1010 United States",
"Muhaishan-4  Dubai, Dubai  United Arab Emirates",
"P.O Box: 50091  Dubai, Dubai  United Arab Emirates",
"2600 Clifton Avenue  Cincinnati, Ohio 45221 United States",
"270 Park Avenue  New York, NY 10017 United States",
"Carel van Bylandtlaan 30  The Hague,  2596 HR Netherlands",
"270 Park Avenue  New York, NY 10017 United States",
"110 Fulbourn Road  Cambridge, Cambs CB1 9NJ United Kingdom",
"UCLA  Los Angeles, CA 90095 United States",
"50317 United States",
"International Business Machines Corp. New Orchard Road Armonk, New York, NY 10504 United States",
"62 Buckingham Gate  London,  SW1E 6AT United Kingdom",
"5B, Ramachandra Avenue, Seethammal Colony, First Main Road, Alwarpet, Chennai 600 018, India.  Chennai, Tamilnadu 600 018 United States",
"Taunusanlage 12  Frankfurt am Main, Hessen 60325 Germany",
"Taunusanlage 12  Frankfurt am Main, Hessen 60325 Germany",
"United States",
"200 West Street  New York, New York 10282 United States",
"Postbox  Zurich,  8001 Switzerland",
"1 Infinite Loop  Cupertino, CA 95014 United States",
"1239 Kipke Drive  Ann Arbor, MI 48109-1010 United States",
"1239 Kipke Drive  Ann Arbor, MI 48109-1010 United States",
"1 Basinghall Avenue  EC2V, 5DD  United Kingdom",
"18/F, One Pacific Place 88 Queensway Hong Kong,   Hong Kong",
"1325 Electric Road  Roanoke, VA 24018 United States",
"Robert Noyce Building  Santa Clara, California 95052 United States",
"Georgia Institute of Technology  Atlanta, GA 30332 United States",
"One Riverfront Plaza  Corning, New York 14831 United States",
"Tata Consultancy Services TCS House, Raveline Street, 21 DS Marg, Fort Mumbai, Maharashtra 400001 India",
"1630 McCarthy Blvd  Milpitas, CA 95035 United States",
"1630 McCarthy Blvd  Milpitas, CA 95035 United States",
"Old College South Bridge Edinburgh,  EH8 9YL United Kingdom",
"India",
"Germany",
"2329 West Mall  Vancouver, British Columbia  Canada",
"United States",
"1239 Kipke Drive  Ann Arbor, MI 48109-1010 United States",
"World Financial Center, 200 Vesey Street  New York, NY 10285 United States",
"5465 East Cheryl Parkway  Madison, Wisconsin 53711-5373 United States",
"Wellington Road  Clayton, Victoria 3800 Australia",
"2329 West Mall  Vancouver, British Columbia  Canada",
"United States",
"77 Massachusetts Avenue  Cambridge, MA 02139-4307 United States",
"38000 Hills Tech Dr.  Farmington Hills, MI 48331 United States",
"United States",
"106 Whitehurst  Stillwater, OK 74078 United States",
"106 Whitehurst  Stillwater, OK 74078 United States",
"106 Whitehurst  Stillwater, OK 74078 United States",
"106 Whitehurst  Stillwater, OK 74078 United States",
"1 MedImmune Way  Gaithersburg, Maryland 20878 United States",
"Purdue University  West Lafayette, Indiana 47906 United States",
"6001 Bollinger Canyon Road  San Ramon, CA 94583 United States",
"Purdue University  West Lafayette, Indiana 47906 United States",
"Purdue University  West Lafayette, Indiana 47906 United States",
"6001 Bollinger Canyon Road  San Ramon, CA 94583 United States",
"10 Moulton St.  Cambridge, MA 02138 United States",
"123 Boren  Seattle, WA 98109 United States",
"Karaportti 3  Espoo,  02610 Finland",
"551 Fifth Avenue Suite 1425  New York, New York 10176 United States",
"400 S. Jefferson Street  Chicago, IL 60607 United States",
"400 S. Jefferson Street  Chicago, IL 60607 United States",
"400 S. Jefferson Street  Chicago, IL 60607 United States",
"57 US Highway 1  New Brunswick, NJ 08901 United States",
"235 Second Street  San Francisco, CA 94105 United States",
"57 US Highway 1  New Brunswick, NJ 08901 United States",
"57 US Highway 1  New Brunswick, NJ 08901 United States",
"Plot No. 7 P&T Colony, Trimulgherry Secunderabad, Andhra Pradesh 500015 India",
"2 World Financial Center  New York, NY 10281 United States",
"305 Walnut Street  Redwood City, California 94063 United States",
"305 Walnut Street  Redwood City, California 94063 United States",
"350 Ellis Street  Mountain View, CA 94043 United States",
"305 Walnut Street  Redwood City, California 94063 United States",
"3000 Hanover Street  Palo Alto, California 94304 United States",
"1 River Road  Schenectady, NY 12345 United States",
"1 River Road  Schenectady, NY 12345 United States",
"1 River Road  Schenectady, NY 12345 United States",
"9 Roszel Road  Princeton, NJ 08540 United States",
"9 Roszel Road  Princeton, NJ 08540 United States",
"Netherlands",
"9 Roszel Road  Princeton, NJ 08540 United States",
"17220 Katy Fwy Suite 200 Houston, TX 77094 United States",
"United States",
"New York  New York, New York 10017 United States",
"535 W. 116th St., Ste. 213  New York, NY 10027 United States",
"Robert Noyce Building  Santa Clara, California 95052 United States",
"International Business Machines Corp. New Orchard Road Armonk, New York, NY 10504 United States",
"International Business Machines Corp. New Orchard Road Armonk, New York, NY 10504 United States",
"University Relations 312 Old Main University Park, PA 16802 United States",
"Robert Noyce Building  Santa Clara, California 95052 United States",
"International Business Machines Corp. New Orchard Road Armonk, New York, NY 10504 United States",
"International Business Machines Corp. New Orchard Road Armonk, New York, NY 10504 United States",
"University Relations 312 Old Main University Park, PA 16802 United States",
"1800 S.A.  Evanston, IL 60201 United States",
"University Drive and Mill Avenue  Tempe, AZ 85287 United States",
"University Relations 312 Old Main University Park, PA 16802 United States",
"Sunnyvale  Sunnyvale, CA 94089 United States",
"International Business Machines Corp. New Orchard Road Armonk, New York, NY 10504 United States",
"Indian Institute of Technology Madras Sardar Patel Road, Adyar Chennai, Tamil Nadu 600036 India",
"3300 S Federal Street  Chicago, IL 60616 United States",
"1 Microsoft Way  Redmond, WA 98052 United States",
"Level 3 109 Burwood Rd Hawthorn, Victoria 3122 Australia",
"L&T House Ballard Estate Mumbai, Maharastra 400 001 India",
"5000 Research Forest Drive  The Woodlands, TX 77381 United States",
"United States",
"4624 Fairmont Pkwy  Pasadena, Texas 77504 United States",
"3100 Cleburne  Houston, Texas 77004 United States",
"Saudi Arabia",
"Boston Consulting Group  Boston, MA 02108 United States",
"Boston Consulting Group  Boston, MA 02108 United States",
"Purdue University  West Lafayette, Indiana 47906 United States",
"United States",
"Grand Canal Harbour  Dublin 2,   Ireland",
"Grand Canal Harbour  Dublin 2,   Ireland",
"Grand Canal Harbour  Dublin 2,   Ireland",
"13800 Westfair East Drive  Houston, TX 77041 United States",
"Georgia Institute of Technology  Atlanta, GA 30332 United States",
"3 Hospital Locations; 25 Neighborhood Locations  Atlanta, GA 30329 United States",
"3 Hospital Locations; 25 Neighborhood Locations  Atlanta, GA 30329 United States",
"2 Park Avenue  New York, NY 10016 United States",
"13800 Westfair East Drive  Houston, TX 77041 United States",
"110 8th Street  Troy, New York 12180 United States",
"4045 Sorreno Valley Rd.  San Diego, CA 92121 United States",
"11099 North Torrey Pines Road Suite 230 La Jolla, CA 92037 United States",
"330 Townsend Suite 207 94107, San Francisco CA United States",
"United States",
"1600 Amphitheatre Parkway  Mountain View, CA 94043 United States",
"30 Rockefeller Plaza  New York, NY 10112 United States",
"1 Technology Drive  Milpitas, CA 95035 United States",
"A.T. Kearney  Chicago, IL 60606 United States",
"100 North Tryon Street  Charlotte, NC 28202 United States",
"Georgia Institute of Technology  Atlanta, GA 30332 United States",
"3M Center  St Paul, MN 55144 United States",
"7201 Hamilton Blvd.  Trexlertown, PA 18195-1501 United States",
"3M Center  St Paul, MN 55144 United States",
"Canada",
"12666 - 72nd Avenue  Surrey, BC V3W 2M8 Canada",
"8435 Stemmons Fwy Suite 1150 Dallas, TX 75247 United States",
"460 Harris Ave #303  Providence, Rhode Island 02909 United States",
"14400 N. 87th Street  Scottsdale, Arizona 85260-3649 United States",
"5292 John Lucas Drive  Burlington, Ontario L7L 5Z9 Canada",
"295 Phillip Street  Waterloo, Ontario 98008 Canada",
"2555 Townsgate Road Suite 105 Westlake Village, CA 91361 United States",
"110 Main Street #103 Edmonds, WA 98020 United States",
"110 Main Street #103 Edmonds, WA 98020 United States",
"International Business Machines Corp. New Orchard Road Armonk, New York, NY 10504 United States",
"C. N. R. Rao Circle Bangalore, Karnataka 560012 India",
"One Verizon Way  Basking Ridge, NJ 07920-1097 United States",
"1 Silber Way  Boston, MA 02215 United States",
"1 Silber Way  Boston, MA 02215 United States",
"149 13th St. Suite 2301 Charlestown, MA 02129 United States",
"77 Massachusetts Avenue  Cambridge, MA 02139-4307 United States",
"L&T House Ballard Estate Mumbai, Maharastra 400 001 India",
"PO Box 12343  Wellington,  6144 New Zealand",
"3000 Hanover Street  Palo Alto, California 94304 United States",
"3000 Hanover Street  Palo Alto, California 94304 United States",
"3000 Hanover Street  Palo Alto, California 94304 United States",
"731 Lexington Ave.  New York, NY 10022 United States",
"University of Surrey  Guildford, Surrey GU2 7XH United Kingdom",
"15600 JFK Boulevard, 7th Floor  Houston, TX 77032 United States",
"15600 JFK Boulevard, 7th Floor  Houston, TX 77032 United States",
"2065 Hamilton Avenue  San Jose, CA 95125 United States",
"2065 Hamilton Avenue  San Jose, CA 95125 United States",
"Høgskoleringen 1  Trondheim,  7491 Norway",
"4646 W. Sam Houston Pkwy. N.  Houston, TX-Texas 77041 United States",
"1123 Broadway Suite 613 New York, NY 10010 United States",
"1123 Broadway Suite 613 New York, NY 10010 United States",
"1 Basinghall Avenue  EC2V, 5DD  United Kingdom",
"1 Basinghall Avenue  EC2V, 5DD  United Kingdom",
"Noida  Noida, Uttar Pradesh 201301 India",
"Georgia Institute of Technology  Atlanta, GA 30332 United States",
"United States",
"2111 NE 25th Ave  Hillsboro, OR 97124 United States",
"200 First St. S.W.  Rochester, Minnesota 55905 United States",
"10900 Euclid Ave.  Cleveland, OH 44106 United States",
"Indian Institute of Technology Madras Sardar Patel Road, Adyar Chennai, Tamil Nadu 600036 India",
"Japan",
"20 S. Wacker Dr  Chicago, IL 60606 United States",
"420 Montgomery St  San Francisco, California 94103 United States",
"801 Walnut Street Suite 200 Des Moines, IA 50309 United States",
"Headstrong Services LLC One Fountain Square, 11911 Freedom Drive, Suite 900 Reston, VA 20190 United States",
"3135 Easton Turnpike  Fairfield, CT 06828 United States",
"3135 Easton Turnpike  Fairfield, CT 06828 United States",
"3135 Easton Turnpike  Fairfield, CT 06828 United States",
"Plot 204 and 237, Bommasandra-Jigani Link Road KIADB Industrial Area Bangalore, Karnataka 560105 India",
"Infosys  Bangalore, Karnataka 560100 India",
"2 Folsom  San Francisco, California 94105 United States",
"1-9-1 Nihonbashi Chuo-ku Tokyo,  103-8645 Japan",
"1-9-1 Nihonbashi Chuo-ku Tokyo,  103-8645 Japan",
"1-9-1 Nihonbashi Chuo-ku Tokyo,  103-8645 Japan",
"225 Liberty St  New York, NY 10281 United States",
"200 West Street  New York, New York 10282 United States",
"200 West Street  New York, New York 10282 United States",
"520 Madison Avenue, 10th Floor  New York City, New York 10022 United States",
"Purdue University  West Lafayette, Indiana 47906 United States",
"1791 Deere Avenue  Irvine, CA 92606 United States",
"1489 Cedar Street  Holt, Michigan 48842 United States",
"Massachusetts Hall  Cambridge, MA 02138 United States",
"709 Davis Hall  Berkeley, CA 94720-1710 United States",
"709 Davis Hall  Berkeley, CA 94720-1710 United States",
"709 Davis Hall  Berkeley, CA 94720-1710 United States",
"709 Davis Hall  Berkeley, CA 94720-1710 United States",
"Purdue University  West Lafayette, Indiana 47906 United States",
"Purdue University  West Lafayette, Indiana 47906 United States",
"2nd Floor, IIT-M Research Park MGR Film City Road, (Off Rajiv Gandhi Salai), Taramani Chennai, Tamilnadu 600113 India",
"9, quai du Président Paul Doumer  Courbevoie, - 92400 France",
"1585 Broadway  New York, NY 10036 United States",
"L&T House Ballard Estate Mumbai, Maharastra 400 001 India",
"3050 Bowers Avenue  Santa Clara, CA 95054 United States",
"3050 Bowers Avenue  Santa Clara, CA 95054 United States",
"Carel van Bylandtlaan 30  The Hague,  2596 HR Netherlands",
"Carel van Bylandtlaan 30  The Hague,  2596 HR Netherlands",
"1585 Broadway  New York, NY 10036 United States",
"1 Microsoft Way  Redmond, WA 98052 United States",
"601 E. John Street  Champaign, IL 61820 United States",
"601 E. John Street  Champaign, IL 61820 United States",
"535 W. 116th St., Ste. 213  New York, NY 10027 United States",
"12500 TI Boulevard  Dallas, TX 75243 United States",
"2051 Palomar Airport Road Suite 100 Carlsbad, CA 92011 United States",
"Georgia Institute of Technology  Atlanta, GA 30332 United States",
"20400 Stevens Creek Blvd., Suite 500  Cupertino, CA 95014 United States",
"442 Post Street San Francisco, CA 94102 United States",
"Torshamnsgatan 21  Kista, Stockholm  Sweden",
"1 Microsoft Way  Redmond, WA 98052 United States",
"1 Microsoft Way  Redmond, WA 98052 United States",
"200 West Street  New York, New York 10282 United States",
"399 Park Avenue  New York, New York 10022 United States",
"1 Microsoft Way  Redmond, WA 98052 United States",
"500 Oracle Parkway  Redwood Shores, CA 94065 United States",
"International Business Machines Corp. New Orchard Road Armonk, New York, NY 10504 United States",
"1 Microsoft Way  Redmond, WA 98052 United States",
"United States",
"731 Lexington Ave.  New York, NY 10022 United States",
"731 Lexington Ave.  New York, NY 10022 United States",
"601 E. John Street  Champaign, IL 61820 United States",
"1200 East California Boulevard  Pasadena, California 91125 United States",
"601 E. John Street  Champaign, IL 61820 United States",
"777 Glades Road  Boca Raton, FL 33431 United States",
"e1w3es United Kingdom",
"1320 Ridder Park Drive  San Jose, CA 95131 United States",
"1320 Ridder Park Drive  San Jose, CA 95131 United States",
"Dzerzhinskogo Street  Yuzhno Sakhalinsk,  693000 Russian Federation",
"Carel van Bylandtlaan 30  The Hague,  2596 HR Netherlands",
"Carel van Bylandtlaan 30  The Hague,  2596 HR Netherlands",
"Carel van Bylandtlaan 30  The Hague,  2596 HR Netherlands",
"52062 Germany",
"52062 Germany",
"World Financial Center, 200 Vesey Street  New York, NY 10285 United States",
"World Financial Center, 200 Vesey Street  New York, NY 10285 United States",
"2929 Allen Parkway  Houston, Texas 77019 United States",
"500 West Main Street  Louisville, KY 40202 United States",
"Singapore,  609927 Singapore",
"Purdue University  West Lafayette, Indiana 47906 United States",
"4600 Silicon Dr.  Durham, NC 27703 United States",
"57 US Highway 1  New Brunswick, NJ 08901 United States",
"57 US Highway 1  New Brunswick, NJ 08901 United States",
"270 Park Avenue  New York, NY 10017 United States",
"3141 Chestnut Street  Philadelphia, Pennsylvania 19104 United States",
"3451 Walnut Street  Philadelphia, Pennsylvania 19104 United States",
"International Business Machines Corp. New Orchard Road Armonk, New York, NY 10504 United States",
"Morrill Road  Ames, Iowa 50011 United States",
"7000 Fannin Street  Houston, Texas 77030 United States",
"5B, Ramachandra Avenue, Seethammal Colony, First Main Road, Alwarpet, Chennai 600 018, India.  Chennai, Tamilnadu 600 018 United States",
"455 René-Lévesque Blvd West  Montreal, Quebec H2Z 1Z3 Canada",
"117 Jermyn Street  London,  SW1Y 6HH United Kingdom",
"117 Jermyn Street  London,  SW1Y 6HH United Kingdom",
"Chicago, IL 60611 United States",
"Robert Noyce Building  Santa Clara, California 95052 United States",
"Robert Noyce Building  Santa Clara, California 95052 United States",
"12 Marina Boulevard DBS Asia Central @ Marina Bay Financial Centre Tower 3 Singapore,  018982 Singapore",
"12 Marina Boulevard DBS Asia Central @ Marina Bay Financial Centre Tower 3 Singapore,  018982 Singapore",
"Grand Canal Harbour  Dublin 2,   Ireland",
"500 Frank W Burr Blvd  Teaneck, NJ 07666 United States",
"12999 St. Charles Rock Road  Bridgeton, MO 63044-2483 United States",
"12999 St. Charles Rock Road  Bridgeton, MO 63044-2483 United States",
"2 N LaSalle Street  Chicago, IL 60602 United States",
"1560 Williams Drive  Stoughton, WI 53589 United States",
"36th Floor  New York, NY 10022 United States",
"30 Rockefeller Plaza  New York, NY 10112 United States",
"30 Rockefeller Plaza  New York, NY 10112 United States",
"Plot No.14 & 15, RMZ Futura, Deloitte Drive, Hi-Tech City, Madhapur, Hyderabad, Andhra Pradesh 500081 India",
"Boston Consulting Group  Boston, MA 02108 United States",
"15030 Avenue of Science  San Diego, California M2K 1E3 United States",
"3400 Hillview Avenue Building 4 Palo Alto, CA 94304 United States",
"3400 Hillview Avenue Building 4 Palo Alto, CA 94304 United States",
"1979 Milky Way  Verona, WI 53593 United States",
"1979 Milky Way  Verona, WI 53593 United States",
"1 Basinghall Avenue  EC2V, 5DD  United Kingdom",
"1 Basinghall Avenue  EC2V, 5DD  United Kingdom",
"2555 Townsgate Road Suite 105 Westlake Village, CA 91361 United States",
"1 University Station  Austin, TX 78712 United States",
"800 Chrysler Dr  Auburn Hills, MI  United States",
"United States",
"ABS Plaza - 16855 Northchase Drive Houston, Texas 77060 United States",
"ABS Plaza - 16855 Northchase Drive Houston, Texas 77060 United States",
"1372 TAMU College Station, TX 77843-1372 United States",
"1372 TAMU College Station, TX 77843-1372 United States",
"1 University Station  Austin, TX 78712 United States",
"Paradeplatz 8  Zurich,  8070 Switzerland",
"A.T. Kearney  Chicago, IL 60606 United States",
"1 Lyonpark Road  Macquarie Park, NSW 2113 Australia",
"Vasagatan 11, 7th floor  Stockholm,  SE- 111 20 Sweden",
"123 Boren  Seattle, WA 98109 United States",
"Tasman Way  San Jose, CA 95134 United States",
"Tasman Way  San Jose, CA 95134 United States",
"Tasman Way  San Jose, CA 95134 United States",
"2 World Financial Center  New York, NY 10281 United States",
"2001 Sheridan Rd  Evanston, IL 60208 United States",
"2 World Financial Center  New York, NY 10281 United States",
"2111 NE 25th Ave  Hillsboro, OR 97124 United States",
"1 University Station  Austin, TX 78712 United States",
"9405 SW Gemini Drive  Beaverton, OR 97008 United States",
"5000 Forbes Avenue  Pittsburgh, Pennsylvania 15213 United States",
"201 Broadway  Cambridge, MA 02139 United States",
"United States",
"United States",
"50 Nanyang Avenue  Singapore,  639798 Singapore",
"77 Massachusetts Avenue  Cambridge, MA 02139-4307 United States",
"192 Ballard Court, Suite 102  Virginia Beach, VA 23462 United States",
"9330 Zionsville Rd.  Indianapolis, IN 46268 United States",
"PO Box 113150  Gainesville, Florida 32611 United States",
"The Walt Disney Company 500 South Buena Vista Street Burbank, CA 91521 United States",
"200 West Street  New York, New York 10282 United States",
"200 West Street  New York, New York 10282 United States",
"SW1Y 5NQ United Kingdom",
"128 Kentucky St.  Sturgeon Bay, WI 54235 United States",
"Padriciano 99  Trieste,  34149 Italy",
"Tour Maine-Montparnasse 33, Avenue du Maine 75755 Paris Cedex 15,  B.P. 191 France",
"1372 TAMU College Station, TX 77843-1372 United States",
"Tour Maine-Montparnasse 33, Avenue du Maine 75755 Paris Cedex 15,  B.P. 191 France",
"2701 San Tomas Expressway  Santa Clara, CA 95050 United States",
"211 River Oaks Parkway  San Jose, CA 95134 United States",
"East and West Bank and St. Paul campus  Minneapolis and St. Paul, Minnesota  United States",
"Tasman Way  San Jose, CA 95134 United States",
"30 Rockefeller Plaza  New York, NY 10112 United States",
